,Task_1,Task_2,Task_3,Task_4,Task_5,Task_6,Task_7,Task_8,Task_9,Task_10,Task_11,Task_12,Task_13,Task_14,Task_15,Task_16,Task_17,Task_18,Task_19,Task_20,Task_21,Task_22,Task_23,Task_24,Task_25,Task_26,Task_27,Task_28,Task_29,Task_30,Task_31,Task_32,Task_33,Task_34,Task_35,Task_36,Task_37,Task_38,Task_39,Task_40,Task_41,Task_42,Task_43,Task_44,Task_45,Task_46,Task_47,Task_48,Task_49,Task_50,Task_51,Task_52,Task_53,Task_54,Task_55,Task_56,Task_57,Task_58,Task_59,Task_60,Task_61,Task_62,Task_63,Task_64,Task_65,Task_66,Task_67,Task_68,Task_69,Task_70,Task_71,Task_72,Task_73,Task_74,Task_75,Task_76,Task_77,Task_78,Task_79,Task_80,Task_81,Task_82,Task_83,Task_84,Task_85,Task_86,Task_87,Task_88,Task_89,Task_90,Task_91,Task_92,Task_93,Task_94,Task_95,Task_96,Task_97,Task_98,Task_99,Task_100
Worker_1,7,4,8,5,7,10,3,7,8,5,4,8,8,3,6,5,2,8,6,2,5,1,10,6,9,1,10,3,7,4,9,3,5,3,7,5,9,7,2,4,9,2,10,9,10,5,2,4,7,8,3,1,4,2,8,4,2,6,6,10,4,6,2,10,2,10,4,8,7,9,8,5,2,5,8,10,9,9,1,9,7,9,8,1,8,8,3,1,8,3,3,1,5,10,7,10,9,7,9,8
Worker_2,2,1,7,7,8,5,3,8,6,3,1,3,5,3,1,5,10,7,7,9,10,10,3,7,1,4,4,5,7,7,4,7,3,6,2,10,9,5,6,4,10,7,9,7,1,1,9,9,4,9,3,7,6,8,9,5,1,3,10,8,6,8,9,4,1,1,10,4,7,2,3,1,5,1,8,1,1,2,2,6,7,5,1,1,3,2,5,10,6,7,4,7,8,1,6,8,5,4,2,6
Worker_3,6,1,9,6,3,4,4,3,10,3,3,4,7,4,9,1,8,7,2,8,1,9,9,2,7,10,3,7,10,9,4,1,2,1,5,5,7,9,9,3,3,3,4,8,6,8,1,8,4,1,8,4,6,8,4,3,9,3,9,2,2,2,6,3,9,4,1,4,1,5,4,8,8,7,3,1,1,3,6,7,6,6,6,3,6,8,2,5,1,1,5,3,4,3,1,1,5,6,3,9
Worker_4,5,8,1,5,3,1,4,5,7,1,3,2,9,10,6,10,3,8,8,2,6,7,2,10,2,10,1,8,1,9,6,7,10,7,10,3,2,9,8,10,7,9,4,4,1,8,3,7,2,2,7,6,3,9,10,6,10,10,6,1,4,10,6,6,5,1,8,5,5,7,4,6,4,3,7,8,4,2,10,3,1,8,3,10,7,10,5,10,5,7,9,5,1,10,10,1,2,6,9,8
Worker_5,5,1,7,5,6,7,3,10,3,5,6,9,5,1,4,5,10,10,5,7,4,1,5,7,10,10,6,5,4,2,4,10,10,3,10,1,8,5,4,8,7,2,1,4,8,2,3,1,1,3,5,3,1,1,8,10,2,3,2,3,7,1,10,8,10,10,10,2,3,9,7,4,10,5,2,8,4,9,5,9,4,10,5,9,8,3,1,3,4,2,1,7,8,7,5,1,7,7,9,3
Worker_6,9,1,1,4,9,6,3,1,4,9,3,9,7,4,3,10,5,5,3,9,4,5,4,5,7,9,7,5,10,10,7,10,5,3,7,2,9,10,10,1,6,7,8,10,9,2,10,2,5,5,6,3,8,1,6,4,1,7,9,4,4,6,3,6,7,10,10,3,7,3,2,10,4,8,9,7,1,3,9,1,9,8,1,6,5,6,10,5,6,5,5,4,3,3,4,9,2,9,1,1
Worker_7,5,6,6,3,7,9,10,8,6,8,5,8,10,4,10,8,10,2,5,9,4,6,1,9,1,5,4,3,6,2,3,5,9,2,10,8,2,5,7,8,1,6,1,2,1,5,10,9,6,1,1,2,9,3,1,5,7,6,1,5,5,6,3,5,7,5,5,5,10,10,3,1,5,9,1,3,4,1,1,8,2,8,7,10,10,2,6,6,3,2,1,6,5,9,1,7,5,5,2,3
Worker_8,7,6,2,6,2,2,2,3,2,4,9,6,1,8,7,10,3,1,5,4,10,8,1,10,1,4,8,5,2,6,5,2,3,9,7,7,6,8,4,8,4,8,9,3,3,2,10,3,3,5,5,2,10,6,5,6,1,5,9,10,2,1,10,9,10,9,9,6,8,1,10,4,1,8,1,3,4,8,6,10,7,8,2,10,8,3,7,3,7,2,10,6,3,3,9,7,5,10,7,9
Worker_9,1,7,6,10,9,1,4,9,4,10,3,9,2,4,6,2,8,8,1,3,10,9,5,6,4,10,2,8,6,5,9,1,5,6,5,6,6,7,4,8,7,9,7,3,3,8,5,4,8,6,2,4,4,6,6,1,8,6,3,9,2,8,10,3,5,6,10,6,4,3,4,1,4,1,1,10,6,5,4,3,1,6,2,8,10,5,7,10,2,8,2,4,1,5,9,1,9,8,6,7
Worker_10,3,1,5,2,5,8,9,2,3,3,1,8,6,8,9,5,3,5,5,5,3,10,4,9,10,9,2,8,8,7,8,3,6,1,7,1,9,1,1,7,2,5,8,8,3,7,3,6,6,3,7,3,8,10,4,1,4,7,4,6,9,1,5,7,1,4,6,2,10,5,10,1,6,6,4,8,4,8,8,5,4,2,3,3,4,4,10,5,4,10,8,6,6,8,7,10,10,8,2,9
Worker_11,1,8,4,4,5,8,5,8,10,1,10,9,6,3,8,9,6,7,1,5,5,10,4,6,7,9,1,6,7,3,8,5,9,5,9,10,4,9,5,10,9,3,4,9,10,6,2,7,2,2,1,3,6,8,9,7,4,6,5,8,1,1,6,10,2,5,1,7,1,4,9,1,4,6,6,8,1,7,1,7,3,8,3,1,8,3,2,1,3,2,2,6,1,2,6,3,4,1,8,7
Worker_12,7,3,10,10,3,2,1,7,7,2,7,8,1,9,7,3,8,7,8,6,9,5,3,3,1,8,2,3,8,8,4,4,5,6,5,7,2,7,10,7,1,7,5,3,3,4,2,2,1,5,4,10,2,3,7,7,4,5,5,6,9,2,5,3,4,10,6,8,1,10,8,7,1,2,3,1,9,8,2,9,7,9,6,6,4,10,10,2,7,5,6,2,5,10,4,9,6,2,1,5
Worker_13,9,6,10,7,5,10,6,5,9,6,8,2,9,5,7,10,1,10,5,10,2,6,1,3,5,4,3,10,5,8,4,1,7,8,3,6,2,7,8,6,6,5,8,1,10,4,4,3,3,4,1,2,9,10,2,5,9,9,8,1,1,9,8,10,9,7,3,3,2,5,3,6,2,3,5,1,1,10,9,7,1,8,3,8,5,1,7,5,6,6,8,9,2,9,10,9,10,10,7,1
Worker_14,7,10,5,6,10,7,5,7,9,3,8,2,7,2,4,7,3,2,10,7,1,8,3,2,3,5,8,10,7,7,7,8,1,4,6,9,2,1,10,2,7,3,10,2,7,2,3,7,4,1,5,9,8,9,10,9,7,4,5,1,1,3,8,2,4,2,5,9,1,5,9,1,9,8,4,10,5,5,6,7,8,8,2,9,7,4,4,8,4,6,5,3,10,2,9,10,9,1,10,3
Worker_15,8,6,5,5,6,7,1,9,3,4,10,1,10,3,2,2,1,8,3,3,6,8,9,9,4,5,2,9,8,3,9,3,9,2,10,9,8,9,5,2,8,6,8,5,10,2,6,5,5,1,2,8,3,10,3,8,8,2,8,1,6,8,3,8,1,9,9,5,10,4,6,7,5,10,9,3,7,10,10,5,7,2,4,2,7,2,1,9,1,8,2,8,3,6,3,7,10,9,2,5
Worker_16,6,4,4,4,2,4,1,6,1,10,6,1,6,10,8,2,2,4,3,4,7,1,6,3,10,7,10,2,2,4,1,3,9,7,7,4,2,4,6,3,1,8,5,5,4,6,3,9,5,3,1,10,6,2,3,1,9,8,2,8,9,1,5,8,2,4,7,3,5,8,10,3,4,9,7,1,4,4,9,6,9,6,6,5,5,2,8,8,1,8,5,2,2,6,9,1,6,9,8,6
Worker_17,3,8,9,1,9,6,6,4,1,10,8,2,1,2,1,1,9,1,4,10,6,7,2,6,7,10,10,2,2,10,7,1,8,3,6,9,6,9,7,9,2,8,8,2,4,7,4,4,6,10,6,10,3,9,10,2,6,7,9,3,10,3,7,4,8,7,5,7,3,2,6,2,3,6,5,8,9,3,10,3,3,6,1,7,1,5,10,8,4,5,4,4,8,2,1,3,9,4,10,5
Worker_18,2,4,2,2,4,6,7,10,3,3,10,6,3,2,8,5,1,3,10,8,4,7,10,2,7,5,5,6,9,6,8,7,9,4,2,7,6,1,9,9,2,3,5,5,1,8,8,4,7,10,3,6,10,10,9,1,5,4,8,1,9,6,4,9,5,5,5,1,1,8,8,6,4,2,2,9,5,4,10,1,7,3,6,5,5,5,1,1,3,10,4,5,2,8,2,9,2,9,7,8
Worker_19,2,7,6,4,7,4,2,10,7,8,2,5,1,7,8,6,5,6,2,1,7,7,10,10,2,2,1,10,8,8,1,8,9,4,1,1,3,5,5,9,10,2,2,6,9,1,9,9,9,5,9,4,2,6,4,6,3,6,2,2,9,7,3,1,8,6,7,9,5,1,10,7,5,3,9,1,1,1,3,6,10,3,8,10,2,9,3,5,10,8,2,6,5,10,9,5,2,5,4,7
Worker_20,6,2,5,7,7,5,9,4,3,4,5,6,3,2,4,5,4,3,8,10,4,2,2,1,4,10,9,7,10,7,7,8,1,10,10,8,4,4,4,6,7,6,1,8,10,7,6,6,5,6,9,10,9,10,8,10,9,10,8,8,1,10,5,4,2,8,3,4,7,10,9,2,3,4,10,1,7,2,5,1,3,2,1,7,5,1,6,5,3,7,10,9,9,9,2,3,7,5,2,3
Worker_21,10,6,7,9,1,7,8,3,4,10,6,10,7,4,8,5,1,4,3,9,8,1,6,9,7,4,1,2,5,5,8,6,8,2,3,6,10,3,6,6,2,7,2,6,1,3,2,7,4,8,6,10,4,5,9,7,10,9,7,1,8,4,3,7,3,8,6,5,4,8,8,1,9,5,4,6,6,2,8,7,1,5,6,4,2,4,1,7,2,2,9,5,2,9,9,1,3,4,7,10
Worker_22,4,2,7,6,3,6,6,5,4,10,1,10,6,2,3,8,10,6,3,7,4,9,5,3,2,2,3,2,4,2,10,9,2,9,6,1,4,1,6,4,3,3,9,6,9,5,2,8,5,2,4,9,4,4,2,6,2,7,3,3,5,3,2,10,9,2,2,8,9,7,3,9,3,5,9,3,7,1,4,4,7,8,1,5,7,4,4,4,6,7,2,5,4,3,7,6,7,5,6,5
Worker_23,7,2,5,6,6,5,10,7,10,8,7,5,1,5,10,2,5,5,2,5,4,1,3,1,5,4,7,5,10,4,2,4,2,8,3,9,4,6,10,5,10,1,9,1,8,9,9,1,2,1,10,2,10,8,5,7,2,8,6,8,1,1,7,8,3,5,1,7,5,8,8,9,7,1,3,8,3,8,1,5,4,5,8,10,4,4,3,7,3,3,10,5,5,6,8,10,6,1,8,8
Worker_24,9,9,2,2,3,1,4,4,9,9,9,10,7,2,10,5,4,8,2,6,5,2,10,1,8,2,7,9,9,8,10,9,2,6,4,4,5,3,1,8,5,3,10,7,7,1,9,2,5,5,8,8,7,7,6,6,9,6,2,2,5,4,2,3,7,8,6,5,1,8,3,6,3,7,7,9,5,8,10,10,8,1,5,3,1,4,8,3,10,2,9,10,5,7,2,9,9,4,4,6
Worker_25,10,10,10,6,1,9,2,5,9,4,3,7,6,8,3,5,10,4,4,4,10,8,6,3,10,5,6,5,6,8,7,5,10,6,4,9,4,1,7,7,4,3,8,5,10,7,4,4,8,8,2,2,3,3,1,3,6,8,10,6,5,4,3,4,7,1,7,1,2,4,1,9,6,1,1,6,4,4,6,7,9,10,5,9,4,10,2,3,1,6,6,1,3,5,3,10,3,10,3,5
Worker_26,5,4,1,5,10,5,4,6,10,4,7,7,2,3,1,8,9,4,6,9,6,9,4,8,9,4,5,8,10,6,7,3,7,8,10,6,10,9,6,9,4,8,4,2,10,9,5,4,2,1,7,6,2,8,4,8,7,5,10,10,8,9,5,10,5,2,5,3,7,10,5,8,1,3,3,9,5,9,9,1,2,5,4,10,9,7,6,7,1,1,8,2,10,9,7,6,1,1,2,6
Worker_27,6,2,1,10,5,5,2,6,9,2,10,2,3,7,6,8,8,6,10,3,3,1,7,5,4,10,4,4,6,8,8,5,6,4,9,8,10,10,1,2,9,8,3,8,1,10,4,3,6,7,4,7,9,2,3,5,3,8,10,8,8,9,4,5,5,8,7,9,8,2,10,4,6,2,7,3,3,2,8,6,1,1,7,8,5,5,4,6,6,3,9,7,1,7,5,5,2,4,6,10
Worker_28,7,5,9,3,1,4,9,4,2,10,5,3,9,4,6,2,6,3,9,2,9,5,8,2,6,3,10,5,8,10,1,5,3,4,2,9,3,2,10,9,7,6,1,5,3,1,4,2,2,3,8,8,7,6,9,4,1,8,7,7,3,4,10,9,6,5,3,9,5,5,4,4,1,7,9,3,2,3,1,6,7,2,8,6,4,5,8,3,3,4,1,9,8,8,10,6,7,6,9,3
Worker_29,3,3,10,3,9,4,7,9,7,9,3,4,8,6,5,4,8,1,9,1,8,4,9,5,3,9,9,4,4,8,2,9,6,9,8,7,1,3,2,5,5,5,4,5,3,1,5,9,9,4,3,1,2,8,1,8,7,8,6,9,3,10,4,6,8,5,3,6,4,9,3,4,7,7,4,6,3,6,2,8,2,7,9,1,8,7,6,6,6,9,2,1,6,10,8,3,10,1,9,1
Worker_30,3,8,3,4,8,1,6,1,1,8,4,1,10,7,5,5,1,10,6,9,9,8,5,1,9,1,8,5,3,7,7,9,7,3,1,8,3,8,8,5,1,10,7,10,5,8,9,7,7,1,4,2,2,2,4,1,4,2,5,3,8,4,1,1,10,3,9,7,2,9,10,2,3,10,2,3,6,9,9,7,3,4,6,5,2,6,3,8,2,1,9,3,1,7,10,5,5,1,9,7
Worker_31,8,9,6,5,6,2,4,3,7,9,5,6,10,2,3,3,9,7,8,10,9,6,4,1,8,7,2,8,5,7,4,5,8,1,1,4,3,10,2,3,1,1,6,5,8,2,4,8,6,1,4,1,2,5,8,8,3,4,10,6,10,3,2,6,5,10,5,10,5,10,5,3,7,6,4,2,9,1,4,1,6,4,5,5,9,1,2,6,5,7,3,3,10,2,3,10,1,5,5,7
Worker_32,4,3,1,8,3,2,4,3,1,3,2,8,6,9,8,10,3,5,7,5,8,5,1,5,4,6,3,5,2,6,6,5,6,7,5,1,8,4,9,10,6,1,3,3,10,4,6,7,10,4,6,1,8,7,9,3,2,1,3,5,2,3,4,7,3,9,8,4,1,1,1,1,8,3,6,3,5,7,2,6,6,3,6,10,10,5,2,9,8,3,8,9,3,3,2,8,10,1,8,7
Worker_33,7,3,1,4,9,5,1,5,8,8,5,9,1,4,3,2,8,7,9,2,4,6,3,8,3,2,3,6,2,8,1,7,2,10,6,2,2,10,8,2,7,3,8,7,8,7,6,7,5,7,1,1,9,5,5,3,5,3,9,9,6,1,7,7,10,10,4,8,6,4,4,2,2,4,5,8,6,4,7,8,2,7,2,2,8,2,9,1,9,1,10,10,2,6,6,1,7,8,2,8
Worker_34,9,6,5,9,9,1,3,9,2,4,4,2,3,3,1,6,8,3,5,1,10,7,10,1,9,8,7,10,7,5,5,5,1,8,1,4,9,9,5,4,3,3,5,10,1,5,6,7,9,3,2,3,9,7,9,2,5,4,2,9,9,6,6,8,6,1,4,7,2,9,8,8,7,4,2,3,6,5,8,6,6,1,4,5,3,9,1,6,6,10,5,5,10,5,6,8,2,6,1,4
Worker_35,10,3,9,3,6,1,6,4,8,9,4,10,10,6,1,4,7,1,8,10,6,5,10,9,2,5,6,7,5,9,1,7,10,7,4,9,5,4,7,4,3,9,8,1,7,9,8,8,6,4,8,3,9,2,2,7,10,4,10,8,9,7,5,8,4,2,6,9,1,10,7,10,9,10,9,10,3,5,8,8,4,1,1,4,6,8,6,9,9,2,10,1,2,5,4,4,9,8,6,1
Worker_36,2,6,2,10,5,5,6,6,6,2,10,3,6,8,1,1,2,6,9,4,3,8,10,9,5,9,2,3,7,7,6,6,2,10,6,4,3,2,1,5,2,2,7,8,10,8,4,1,7,1,4,8,2,6,6,9,5,10,4,5,10,5,8,10,8,2,7,8,6,5,9,3,10,4,9,6,8,7,2,3,1,9,7,1,3,4,4,5,3,3,1,7,10,1,2,4,4,5,2,4
Worker_37,1,2,1,10,10,4,4,7,10,9,9,5,10,1,1,6,2,8,9,4,5,8,3,5,3,10,3,3,7,7,7,10,8,5,5,4,7,10,4,2,4,8,9,3,7,9,4,10,3,5,1,3,8,8,4,2,8,8,10,4,3,2,9,1,7,5,8,4,7,5,5,9,9,9,6,6,5,9,10,8,7,7,6,5,4,3,3,6,4,6,3,4,9,5,7,10,2,5,9,3
Worker_38,9,6,4,7,8,6,5,6,5,8,1,7,10,10,2,9,1,10,6,9,1,4,4,9,5,5,6,1,1,9,3,4,1,9,8,2,8,7,6,1,7,10,7,9,1,2,9,9,6,6,4,4,5,3,1,1,7,1,1,3,10,4,4,2,1,3,4,3,8,10,1,2,7,4,8,3,6,9,1,1,8,3,5,1,5,6,8,3,3,10,9,4,4,7,2,8,6,3,9,5
Worker_39,8,7,8,7,3,2,7,3,3,2,4,8,1,1,5,5,1,6,1,5,9,5,6,8,1,2,9,3,6,5,2,7,4,1,4,6,7,7,7,3,6,8,4,8,2,10,9,9,8,10,10,1,2,6,10,5,9,5,2,10,4,9,1,1,7,3,10,2,9,3,2,8,10,6,6,10,7,7,6,4,9,6,4,3,4,3,2,5,2,6,3,6,10,9,1,6,9,4,2,4
Worker_40,1,3,10,9,10,5,6,3,5,8,6,4,2,9,1,1,4,7,1,9,4,3,1,10,4,9,10,6,6,1,10,2,6,2,3,4,5,9,4,9,10,3,8,1,9,9,10,2,4,8,7,1,5,7,4,1,9,5,2,8,2,3,10,1,2,7,10,2,6,3,4,8,3,10,6,1,7,8,8,3,10,1,9,6,9,7,1,1,6,5,9,2,8,5,2,10,6,10,8,4
Worker_41,2,5,2,2,6,10,9,4,6,7,6,8,4,1,7,3,6,2,9,1,6,6,5,5,1,10,5,2,7,3,4,3,3,4,5,1,4,8,10,7,9,5,10,4,8,9,7,7,5,4,10,1,10,10,7,1,1,5,9,6,3,3,7,6,9,6,5,10,7,1,7,3,9,6,9,5,7,4,7,1,7,8,5,2,5,6,2,6,6,1,1,10,3,10,10,3,4,2,9,10
Worker_42,7,7,6,3,6,8,8,9,1,1,3,3,10,8,10,1,2,2,3,6,1,2,1,5,7,8,10,1,7,5,10,1,3,7,10,1,7,5,1,1,1,9,3,5,10,9,6,9,8,8,1,9,6,9,3,3,6,9,7,3,3,2,9,3,5,9,8,2,3,2,8,6,6,9,8,4,4,9,1,2,2,6,4,10,3,3,3,6,8,7,4,4,10,2,1,9,2,8,9,4
Worker_43,8,9,10,10,5,7,10,4,1,3,5,3,7,9,6,10,1,7,3,5,10,4,10,5,5,6,10,10,6,8,8,9,8,2,10,1,10,2,2,3,10,7,2,1,6,9,3,6,3,1,5,10,4,7,6,10,7,5,4,7,7,6,8,4,10,5,4,1,8,1,5,6,6,5,3,5,8,2,6,9,8,8,8,7,8,6,2,2,8,1,6,6,4,10,3,3,1,3,4,5
Worker_44,3,6,5,3,6,6,8,2,1,4,7,10,3,3,5,5,10,3,9,4,3,2,10,9,4,3,7,8,2,7,5,5,3,5,2,4,6,1,10,4,6,9,2,7,6,2,8,7,5,5,7,9,9,9,6,10,6,3,1,7,4,1,8,6,6,2,1,2,4,2,1,7,8,6,4,6,3,8,10,2,5,1,6,2,4,6,10,8,8,6,4,8,8,10,1,4,4,7,7,8
Worker_45,5,7,8,9,3,3,4,5,10,1,7,9,8,5,4,7,5,7,1,1,10,3,2,2,7,10,2,4,2,6,8,10,4,5,4,3,5,9,8,8,8,8,7,8,8,8,10,7,1,4,4,5,10,6,4,2,6,8,8,7,6,2,7,5,6,10,8,8,3,7,1,1,7,10,9,7,10,5,8,2,9,6,9,2,3,8,1,10,7,7,1,9,8,4,10,5,2,9,6,3
Worker_46,7,9,3,2,7,7,4,9,8,1,1,5,6,3,9,10,6,4,7,8,9,6,6,8,5,3,3,6,2,6,6,8,7,8,9,6,3,10,3,1,5,4,9,9,5,10,4,7,6,4,10,2,1,4,4,1,6,4,1,1,1,8,10,8,2,7,8,8,10,7,5,1,9,7,2,6,2,1,7,2,2,5,5,7,1,8,3,4,9,4,10,5,7,4,1,9,4,9,6,1
Worker_47,3,2,9,1,9,9,8,8,1,8,10,3,7,1,1,10,5,5,8,7,8,6,6,2,6,5,3,6,8,9,1,3,3,8,1,5,3,2,8,3,7,1,6,3,8,6,2,6,7,5,3,4,4,6,10,1,4,10,4,10,1,9,4,7,3,10,3,8,8,1,10,2,8,1,8,8,2,4,6,9,8,8,7,9,2,3,10,8,6,10,9,10,4,8,10,3,3,8,5,3
Worker_48,10,1,3,9,5,10,2,7,2,4,7,4,7,7,1,6,9,2,3,10,5,9,4,1,4,6,5,1,4,6,10,10,4,9,5,8,9,10,5,6,1,7,4,2,5,3,6,8,7,3,8,2,10,9,4,1,8,7,5,10,5,7,5,8,6,5,9,2,1,8,3,7,10,8,6,10,9,7,10,5,8,2,7,4,9,1,7,6,8,5,1,1,9,10,6,10,5,1,6,6
Worker_49,3,8,1,1,6,10,1,6,1,6,3,8,6,1,5,8,3,6,5,6,10,1,7,9,2,10,5,10,4,6,6,2,2,4,1,9,7,7,3,3,1,3,3,4,4,3,10,8,8,1,7,2,1,3,4,6,10,5,4,8,4,10,2,3,6,8,8,9,7,2,8,7,8,3,7,10,9,3,10,6,2,2,5,5,7,2,7,5,6,8,10,4,7,6,10,2,8,10,9,5
Worker_50,10,4,6,8,3,10,1,4,4,1,9,3,5,6,8,6,3,6,1,4,6,7,10,3,9,7,1,2,1,9,9,7,10,3,5,4,7,9,2,8,9,10,10,9,10,7,9,9,3,4,2,10,3,5,5,6,7,7,1,2,9,10,2,6,1,3,2,3,5,10,6,9,10,4,7,6,2,10,8,7,7,8,1,1,8,4,5,8,5,10,4,6,5,7,10,7,4,5,3,4
Worker_51,4,3,10,5,5,7,4,4,9,6,4,2,6,2,5,6,4,3,7,2,6,4,6,4,4,4,9,7,3,3,6,6,4,9,4,9,4,2,2,5,4,7,5,6,10,4,2,10,9,10,7,4,3,10,3,9,5,3,5,2,4,10,2,2,8,1,7,5,8,1,7,5,4,7,10,2,1,1,1,5,10,7,2,10,8,4,3,10,8,2,3,3,10,1,6,2,1,2,6,4
Worker_52,6,9,10,10,8,1,8,9,6,10,5,6,6,9,4,2,9,2,10,9,2,8,9,10,9,10,9,2,4,7,2,1,3,4,8,6,2,9,2,5,4,7,8,5,10,5,2,8,2,10,6,8,6,4,4,6,4,8,9,1,4,4,2,6,3,7,5,4,5,8,3,7,6,1,7,7,1,9,6,2,5,4,7,8,1,5,3,1,3,6,7,8,4,3,5,9,6,9,6,2
Worker_53,5,9,8,7,1,4,7,7,6,8,6,10,3,4,3,1,10,5,1,1,2,4,6,8,3,1,3,3,5,4,4,9,7,4,3,6,3,6,9,6,4,5,6,3,8,4,8,10,10,3,10,7,9,4,8,3,7,3,7,10,10,6,2,3,6,4,6,1,10,1,3,8,8,4,6,8,7,7,4,9,10,6,3,5,5,5,8,9,9,6,6,9,4,6,4,1,7,10,6,9
Worker_54,7,7,2,9,10,9,6,3,1,4,3,1,3,4,8,9,3,6,10,5,6,4,10,6,7,9,10,7,6,1,2,1,9,10,10,9,7,2,6,4,1,1,5,2,4,1,4,6,10,4,1,7,2,9,3,8,8,3,4,2,4,9,2,3,4,5,1,7,10,7,9,4,6,2,4,2,10,5,7,1,10,10,7,10,6,6,8,8,6,3,5,2,5,9,10,1,10,5,6,7
Worker_55,9,6,5,7,1,5,2,4,7,5,6,2,3,7,2,6,5,10,1,10,4,2,4,1,2,8,6,2,6,10,9,7,9,5,7,7,3,7,1,9,10,6,5,7,5,10,5,10,7,10,7,3,3,10,3,6,6,3,3,8,8,7,10,4,4,3,5,3,8,7,3,9,5,9,7,7,6,2,9,6,8,1,5,1,10,8,8,1,9,2,9,1,10,9,4,9,7,6,5,9
Worker_56,2,2,9,3,8,9,8,4,1,4,9,2,3,10,8,6,8,7,5,9,4,6,2,2,2,10,7,2,2,9,7,3,3,7,5,10,6,8,9,1,3,7,6,7,8,6,3,2,7,1,3,4,1,5,10,3,2,3,8,6,7,6,6,3,8,7,7,6,5,10,8,5,9,9,1,6,7,3,7,7,2,7,1,5,9,7,7,2,8,3,8,3,10,7,2,4,6,9,5,9
Worker_57,5,10,8,1,7,4,5,6,5,1,9,2,9,10,2,9,6,9,6,6,2,8,3,7,5,3,1,8,3,2,1,4,8,3,1,4,9,1,2,9,2,3,7,3,9,6,3,9,1,10,3,1,2,8,7,2,2,9,6,5,10,6,9,7,10,10,9,4,2,8,4,9,4,8,9,9,10,4,1,3,9,4,5,7,5,4,2,2,4,10,10,9,8,3,9,5,3,5,10,4
Worker_58,8,5,10,8,9,4,7,2,6,8,7,7,8,7,5,7,10,3,5,7,9,2,4,7,1,2,9,10,7,10,7,6,3,10,3,2,6,4,5,3,6,3,8,9,4,9,7,3,7,1,3,6,4,7,3,1,9,6,8,3,8,2,4,3,10,1,7,10,2,4,9,6,8,2,7,6,9,7,1,8,10,3,2,3,6,3,10,5,6,8,7,8,3,4,6,7,9,1,8,8
Worker_59,6,4,3,3,6,8,7,1,6,7,7,9,10,5,1,2,4,5,9,1,3,5,3,4,3,4,1,8,4,7,2,2,6,2,6,2,4,7,8,3,9,2,8,8,4,1,1,2,9,2,2,6,7,7,9,6,8,6,2,1,5,9,8,4,5,5,6,3,5,2,10,1,1,10,7,2,4,5,7,2,6,1,7,9,5,5,4,3,9,5,8,9,5,10,9,2,9,4,6,6
Worker_60,6,2,7,6,1,2,7,1,1,1,8,4,4,2,1,10,9,7,4,6,2,7,2,10,8,8,1,8,2,6,1,5,7,10,1,2,7,6,3,10,2,10,4,3,7,8,2,10,7,8,6,6,10,1,4,1,4,2,5,10,9,10,3,8,3,6,4,8,6,8,1,6,1,1,8,7,3,6,9,7,3,6,4,3,9,10,2,1,2,7,10,1,6,7,9,8,6,3,8,7
Worker_61,3,9,2,3,2,1,4,5,6,5,1,3,1,5,5,6,8,10,1,4,10,1,9,7,7,5,7,2,4,7,3,2,10,2,1,5,6,6,9,4,1,6,5,10,6,3,2,6,1,7,7,10,7,10,1,4,7,9,5,2,7,10,1,7,6,7,10,3,3,7,2,1,9,9,7,7,3,10,2,7,9,1,4,6,7,10,7,10,2,4,5,1,1,10,3,10,3,8,9,1
Worker_62,2,10,2,4,2,7,9,7,6,10,1,10,9,5,5,6,9,8,8,8,1,1,8,5,9,2,9,8,9,4,1,1,5,2,8,10,5,5,2,7,8,10,1,2,10,4,5,2,1,9,1,4,2,4,8,8,9,5,7,3,10,4,10,9,10,10,1,2,5,3,2,1,10,3,1,1,1,8,3,1,7,10,3,8,4,4,5,6,7,4,8,6,1,1,9,10,6,10,8,7
Worker_63,6,4,7,9,10,10,7,1,10,9,4,3,4,4,10,2,1,10,1,8,2,10,5,4,8,2,10,9,7,7,1,2,4,4,3,7,8,2,4,3,2,6,4,6,2,4,6,5,3,8,7,3,6,4,5,5,7,5,3,10,5,7,5,5,9,3,6,1,10,5,8,5,9,6,8,10,8,3,7,7,10,6,7,2,9,10,10,1,1,3,3,1,7,4,10,2,10,5,6,9
Worker_64,4,2,5,3,2,1,10,2,6,8,3,9,9,2,8,10,5,4,10,5,4,8,4,10,6,2,5,6,5,2,7,4,8,7,7,9,1,10,6,6,6,6,10,7,10,6,1,3,2,6,8,3,10,8,8,5,8,6,5,9,7,8,1,2,8,9,4,10,10,9,4,10,10,10,9,7,2,9,4,8,7,7,8,1,5,2,2,1,5,2,4,3,3,2,6,2,8,8,5,10
Worker_65,7,4,1,2,10,10,4,1,8,9,4,10,3,2,5,3,10,7,6,1,8,2,5,9,8,2,9,5,10,6,3,3,10,8,10,10,2,2,5,6,2,5,7,10,10,8,7,8,9,5,5,10,4,9,5,2,10,8,7,8,3,4,5,6,1,4,10,5,7,5,1,7,8,7,4,8,5,10,9,10,5,1,9,5,6,4,6,8,3,5,2,2,7,10,10,10,6,4,5,1
Worker_66,7,8,9,8,5,3,10,9,6,5,3,6,3,10,6,4,2,8,4,9,7,2,4,5,3,9,5,2,3,9,7,2,9,4,9,2,10,4,5,2,10,1,7,10,1,8,3,10,6,7,10,1,6,7,6,4,1,9,4,7,7,2,1,8,8,7,8,3,2,7,8,1,10,9,4,4,3,6,1,6,2,9,2,7,1,7,5,8,4,10,7,6,5,4,7,5,5,1,2,5
Worker_67,3,2,4,4,4,4,3,7,9,5,4,2,2,5,7,10,10,9,7,5,10,10,10,6,3,5,8,1,1,7,5,5,1,9,1,5,10,9,4,8,6,3,4,2,1,8,1,1,4,10,10,6,9,1,7,10,5,8,7,4,4,6,6,9,5,8,5,2,6,9,3,1,1,3,10,5,3,9,8,3,9,6,7,4,4,2,5,8,7,7,6,3,5,1,7,9,1,2,3,3
Worker_68,8,7,6,10,10,4,9,1,2,4,3,1,5,7,2,5,6,7,1,7,4,8,4,6,9,5,4,8,9,4,3,8,5,2,10,9,3,2,1,8,3,7,1,1,9,8,3,6,3,4,1,5,1,1,10,7,6,2,2,7,1,2,8,6,2,7,4,2,6,9,9,8,3,3,2,5,4,7,4,9,2,6,7,4,6,7,4,8,9,1,7,9,10,5,2,10,6,7,2,2
Worker_69,10,10,1,4,7,9,3,7,7,7,2,6,2,6,10,3,2,6,2,5,2,3,3,6,6,10,3,3,1,7,8,2,4,10,7,8,1,4,6,3,5,10,9,3,5,8,6,4,8,3,3,4,9,5,8,6,3,8,9,8,4,6,1,4,8,1,3,1,9,2,9,4,2,4,10,6,7,3,3,10,8,5,4,7,7,9,9,5,8,10,1,9,8,6,3,3,8,5,10,7
Worker_70,5,8,10,10,4,2,3,8,7,2,6,9,4,9,2,2,9,7,7,1,6,7,6,6,2,6,4,9,1,8,5,1,4,1,6,2,5,7,2,6,6,5,5,3,10,10,2,7,1,6,6,3,2,2,9,5,7,5,7,4,8,10,10,7,10,5,6,5,7,2,5,10,3,9,6,10,3,7,4,3,8,4,1,6,10,1,5,7,6,2,4,2,1,3,3,7,1,9,6,4
Worker_71,3,3,2,2,10,5,9,2,2,6,10,2,4,6,5,1,6,1,3,10,5,10,5,10,6,10,8,5,1,5,3,4,8,7,5,2,6,6,10,10,6,9,8,8,1,5,7,6,5,8,3,6,5,8,4,8,10,2,9,9,10,10,6,4,4,6,5,6,7,7,9,8,6,6,5,1,9,9,9,8,10,3,1,8,7,5,10,7,10,4,9,10,2,9,9,5,1,7,10,10
Worker_72,4,9,6,3,6,10,6,5,2,10,10,2,7,2,6,5,4,7,8,4,1,1,1,1,5,4,9,3,7,8,6,10,1,8,10,3,8,4,8,1,3,6,9,2,1,10,3,4,5,3,10,2,2,7,9,10,2,7,7,7,3,7,1,10,1,5,2,9,7,4,4,2,5,4,1,8,3,6,4,9,7,9,10,3,1,5,3,6,8,4,5,5,4,4,4,4,4,5,2,2
Worker_73,9,2,6,2,5,4,7,7,6,10,5,1,3,9,1,5,2,4,1,3,10,7,10,3,4,2,3,9,3,5,2,4,7,7,3,5,1,10,10,10,1,5,10,9,1,1,4,4,2,9,9,2,9,6,8,10,4,2,2,9,1,7,3,3,2,10,6,10,2,10,4,10,9,9,6,4,7,1,4,5,8,2,5,6,5,9,10,1,3,2,3,10,9,9,10,2,3,4,9,3
Worker_74,7,3,7,7,9,2,6,9,2,2,5,10,10,10,8,9,2,5,7,6,6,7,3,3,10,9,8,5,6,10,1,10,1,4,2,7,2,10,2,5,4,8,4,6,5,2,8,2,9,9,3,4,8,9,3,5,8,3,7,8,10,3,2,10,7,9,1,3,5,3,1,7,7,10,8,5,10,5,5,1,10,5,6,1,7,1,2,2,5,10,7,1,10,1,1,6,2,1,6,2
Worker_75,6,10,8,2,9,8,10,1,7,10,6,6,6,6,10,7,3,6,3,7,7,8,2,9,5,9,10,5,7,9,4,2,9,2,3,10,2,3,6,3,10,8,6,7,1,3,3,2,7,9,4,5,3,9,4,5,1,2,9,2,5,8,3,6,4,7,10,3,6,10,9,10,1,3,2,8,7,2,6,3,8,10,3,10,9,1,5,3,6,10,2,9,6,7,5,9,1,5,10,6
Worker_76,7,4,1,8,10,4,3,7,2,8,6,7,5,9,5,5,3,1,2,8,1,7,5,3,7,9,2,8,9,3,2,7,5,5,10,5,4,5,4,6,4,2,9,2,9,10,6,9,9,3,1,1,3,5,3,9,9,3,3,5,2,6,7,9,6,3,5,4,5,8,8,6,1,8,8,2,4,2,4,10,7,9,8,9,8,2,7,2,2,4,1,5,6,9,10,8,2,1,2,7
Worker_77,4,10,5,7,3,10,2,7,5,1,1,9,5,1,7,9,1,10,4,3,5,7,8,2,7,1,7,8,2,9,1,6,1,3,6,3,8,5,2,4,9,4,10,10,8,5,10,1,7,3,10,8,3,1,5,2,4,1,9,6,8,4,9,2,9,5,6,3,4,6,7,1,7,1,5,6,2,10,9,10,6,7,10,8,10,1,8,4,10,8,6,9,4,2,2,5,10,9,3,8
Worker_78,4,6,10,6,3,5,3,1,7,4,7,3,5,5,2,10,2,4,4,4,6,2,6,7,10,3,8,2,8,5,2,7,2,6,10,3,9,3,3,5,7,8,7,9,5,10,3,6,5,4,2,7,5,4,8,9,9,3,3,5,5,10,2,1,8,3,1,1,2,6,6,3,4,2,2,7,1,7,1,6,3,8,6,2,8,5,8,8,6,2,8,6,6,8,1,2,9,8,7,7
Worker_79,5,2,6,10,3,4,10,2,2,8,8,10,6,5,8,4,4,5,1,1,2,8,7,10,9,5,2,7,8,7,7,5,2,6,4,10,2,9,7,6,5,3,10,10,4,3,8,3,7,7,7,7,2,10,3,10,9,3,2,9,10,9,4,9,3,7,7,8,10,4,3,3,5,1,10,3,6,3,5,9,2,2,6,6,8,2,9,2,1,10,2,7,8,5,6,1,6,8,3,1
Worker_80,4,1,8,5,1,8,9,10,2,9,8,7,3,2,7,5,6,4,2,9,3,7,8,2,6,8,7,3,1,6,8,6,5,8,2,1,1,4,6,9,1,1,5,10,5,5,10,6,8,3,9,1,4,9,8,10,9,1,9,3,10,9,1,1,9,6,4,7,5,10,7,8,8,1,8,6,4,8,3,4,6,7,4,4,7,6,8,1,10,7,7,7,7,10,10,8,9,9,2,7
Worker_81,7,4,9,8,1,2,2,8,1,4,10,5,9,7,8,9,7,5,5,10,6,5,9,3,3,7,7,6,3,7,5,7,2,6,8,1,4,1,1,10,8,7,10,1,2,4,1,3,8,8,8,6,6,5,9,4,10,7,1,9,7,10,9,7,2,6,10,4,3,2,6,8,6,9,5,2,8,9,10,4,6,10,8,9,5,6,4,5,7,9,10,6,6,8,4,3,7,5,2,2
Worker_82,6,8,1,6,2,2,7,10,1,6,7,8,7,6,9,3,6,4,2,1,1,10,3,4,2,1,4,7,10,6,6,9,2,4,5,1,8,8,6,5,8,3,3,2,5,3,3,6,8,2,4,7,1,1,10,7,7,1,1,4,5,5,4,8,7,9,7,10,1,7,1,7,10,8,9,3,4,4,9,7,3,10,5,7,8,1,2,7,2,7,9,2,7,4,2,7,5,1,5,3
Worker_83,7,6,8,5,2,9,8,6,10,7,9,7,3,6,7,2,3,4,10,6,1,9,5,7,9,9,1,1,3,6,2,10,1,1,5,4,1,4,3,2,9,1,7,4,5,10,5,1,6,9,2,7,6,5,4,4,6,4,5,6,5,7,9,10,7,7,4,1,8,4,1,5,8,4,8,8,3,9,3,1,2,6,10,2,6,1,1,5,10,9,8,3,3,1,3,1,8,1,5,9
Worker_84,7,4,9,9,2,10,10,6,4,8,7,7,10,9,5,6,1,6,2,6,9,8,9,10,8,3,8,6,6,6,3,10,1,4,10,6,10,2,7,7,4,4,1,2,9,10,8,8,9,7,9,10,2,6,3,6,3,8,4,10,6,9,2,2,7,2,2,4,9,8,2,8,4,2,10,7,6,10,5,1,2,8,1,3,2,5,4,7,5,8,4,6,4,2,1,1,8,4,5,8
Worker_85,7,8,8,6,10,2,6,1,1,3,3,5,1,10,6,7,10,3,4,10,10,10,10,10,3,1,8,10,10,2,1,8,7,7,4,9,6,2,1,1,9,4,5,3,4,8,4,9,9,6,2,10,7,9,6,3,7,5,1,3,5,7,3,6,5,1,10,6,8,1,2,4,2,9,10,8,8,4,5,4,9,2,8,2,1,10,3,9,3,9,7,10,1,10,5,9,3,9,5,9
Worker_86,10,6,9,7,7,8,7,9,9,6,7,2,9,1,1,3,6,5,2,9,10,4,4,5,8,10,4,5,4,6,3,8,6,10,5,2,10,10,7,2,1,7,5,1,4,4,10,7,9,2,1,2,7,10,6,4,1,1,5,1,7,1,1,2,10,3,1,9,10,8,5,2,5,6,1,4,9,2,5,1,4,4,6,10,9,3,9,6,7,10,2,10,6,6,2,2,2,10,1,5
Worker_87,8,2,5,8,10,5,2,3,6,5,4,4,5,2,9,2,10,2,10,9,3,10,7,4,6,4,10,7,1,3,3,1,6,9,8,7,10,8,6,9,3,10,10,9,4,7,9,2,2,9,3,9,5,6,2,8,9,2,6,6,8,10,5,9,1,9,10,7,4,3,10,6,1,3,2,9,3,2,4,2,1,6,10,8,10,10,2,9,3,8,8,3,3,6,1,4,1,3,9,5
Worker_88,5,4,3,5,4,8,4,8,6,5,4,4,4,9,4,9,10,6,10,7,10,3,8,3,1,10,5,2,10,6,10,9,1,4,1,1,8,2,1,8,4,3,4,5,1,1,3,6,1,2,7,1,7,4,10,6,8,9,6,9,4,6,8,9,3,2,6,4,1,8,9,9,2,9,7,5,7,9,8,6,4,1,6,3,6,6,4,2,9,2,3,10,1,7,1,9,1,5,7,3
Worker_89,9,8,3,5,7,4,5,3,9,10,9,7,10,2,7,7,5,9,3,4,1,6,4,1,2,3,9,8,7,4,1,8,4,3,9,10,4,4,9,2,5,4,9,5,9,9,2,9,3,4,1,1,1,9,8,5,5,9,3,3,7,9,6,2,1,2,1,10,10,9,10,8,7,3,8,2,2,10,3,7,1,8,7,4,5,10,1,4,1,1,10,1,7,7,4,2,3,8,8,6
Worker_90,10,9,9,4,1,1,10,5,2,6,7,1,6,8,5,7,10,6,4,7,10,9,10,10,7,5,7,3,2,5,4,5,8,4,9,7,10,7,8,6,8,3,10,10,1,6,1,9,2,2,7,2,10,8,6,7,7,6,10,9,9,7,9,10,3,3,1,5,4,2,9,3,8,6,5,1,4,3,1,5,6,2,3,6,4,9,5,4,2,6,10,2,7,3,9,5,8,6,10,8
Worker_91,3,3,5,10,3,8,10,8,2,4,10,1,4,4,10,9,3,2,9,9,1,6,10,8,3,9,2,6,1,7,3,7,4,9,5,3,8,6,2,3,8,10,7,10,6,1,9,3,5,7,7,3,4,10,7,8,2,9,7,8,6,6,9,4,5,9,1,4,7,9,10,6,8,9,10,4,1,8,2,1,7,10,9,9,3,6,7,10,9,2,8,7,4,2,8,5,6,7,10,1
Worker_92,8,4,9,1,2,6,10,1,4,8,10,5,9,6,1,6,6,6,8,6,5,2,4,10,5,10,4,2,7,10,10,2,1,5,1,1,1,6,9,10,1,5,9,9,1,8,1,8,1,5,8,6,9,1,9,1,10,10,3,1,3,2,2,9,8,1,4,1,1,4,2,3,9,2,4,1,2,5,10,1,7,4,6,8,6,2,1,8,8,9,6,1,9,3,6,10,10,9,3,5
Worker_93,5,10,7,4,4,7,9,4,4,6,6,7,1,3,9,6,6,5,3,5,1,3,4,5,10,9,4,3,10,1,10,6,7,10,8,1,4,5,2,1,8,6,5,9,2,10,8,10,9,1,7,8,3,4,3,7,9,3,6,8,6,2,7,2,2,2,1,1,7,5,3,1,10,6,1,9,2,1,7,6,6,5,4,4,3,10,8,7,9,1,7,10,4,7,1,5,3,5,4,2
Worker_94,4,3,1,10,8,5,4,10,5,4,3,5,4,1,3,10,10,8,7,2,1,3,5,10,1,3,3,5,3,9,1,4,10,10,4,1,2,1,6,3,7,5,9,7,4,5,5,5,10,9,10,3,6,8,9,7,3,1,4,6,3,1,6,1,9,1,6,1,7,3,6,7,1,1,5,6,9,1,4,10,8,10,9,3,2,4,2,1,3,7,1,2,1,8,5,8,3,7,8,6
Worker_95,7,2,8,5,7,1,5,1,8,4,4,2,5,1,9,5,6,2,10,10,1,4,7,6,10,1,1,8,4,5,7,8,10,7,2,4,10,1,10,9,3,3,10,9,10,3,8,2,3,2,1,2,8,9,2,7,5,3,9,6,1,5,7,4,8,10,5,9,9,9,1,2,3,4,10,9,10,6,1,9,6,4,4,3,7,3,2,10,8,4,8,1,5,9,1,4,6,10,8,3
Worker_96,5,7,1,7,8,8,9,6,6,2,3,4,4,8,1,10,4,4,1,3,5,6,9,9,9,1,9,8,2,1,1,6,9,7,5,2,1,2,1,3,6,8,3,10,9,10,5,7,8,3,2,2,5,1,2,9,7,6,9,7,5,9,6,6,4,1,5,9,8,8,5,9,3,3,1,9,6,2,8,9,9,2,2,7,4,1,8,2,3,5,3,7,7,2,7,6,10,9,9,2
Worker_97,7,5,6,1,7,6,4,1,9,4,2,8,2,5,6,8,1,1,4,5,9,7,7,8,5,5,1,9,6,9,3,5,2,10,5,8,2,8,4,10,10,1,5,1,7,8,3,3,7,4,3,8,3,7,2,1,6,8,1,10,9,3,3,4,1,9,3,10,4,1,4,1,5,5,7,8,4,7,4,3,6,4,3,9,5,7,6,10,5,7,6,10,2,3,2,3,1,8,6,2
Worker_98,8,6,7,1,7,3,8,6,4,8,9,10,2,6,5,5,10,3,8,8,5,8,10,8,3,2,9,2,9,4,2,10,1,4,9,9,4,9,6,1,10,6,9,2,6,2,4,8,7,9,7,1,2,6,7,3,9,7,6,6,1,5,10,3,7,10,3,5,7,3,10,2,6,8,4,9,8,7,7,3,6,5,1,3,1,4,10,3,4,9,3,6,6,7,9,7,1,8,5,9
Worker_99,10,5,5,2,3,10,9,7,1,3,2,1,9,8,5,2,1,7,2,1,2,7,7,10,6,5,3,3,9,4,9,4,2,4,6,6,5,1,3,5,6,1,9,3,10,3,2,8,3,6,2,7,4,9,10,9,7,8,3,5,2,10,7,8,9,7,10,10,8,9,6,10,2,2,4,9,7,2,8,7,9,8,3,1,2,2,4,6,4,9,4,6,6,10,10,1,8,3,6,3
Worker_100,2,5,1,9,7,3,4,6,3,7,6,9,5,4,3,10,1,3,3,7,7,1,3,8,9,7,7,8,6,3,1,7,1,1,9,10,7,4,6,1,7,6,4,7,3,1,4,3,1,2,5,8,1,4,4,5,7,8,6,1,7,3,6,8,7,10,6,9,9,1,1,1,8,10,7,3,2,4,3,7,10,8,6,3,6,2,7,10,7,4,8,4,7,4,5,7,10,3,10,5
